id,region_id,code,type,name,slug,valid_from,valid_to
1,16,01,department,Ain,ain,1943-01-01,
2,10,02,department,Aisne,aisne,1943-01-01,
3,16,03,department,Allier,allier,1943-01-01,
4,17,04,department,Alpes-de-Haute-Provence,alpes-de-haute-provence,1943-01-01,
5,17,05,department,Hautes-Alpes,hautes-alpes,1943-01-01,
6,17,06,department,Alpes-Maritimes,alpes-maritimes,1943-01-01,
7,16,07,department,Ardèche,ardeche,1943-01-01,
8,11,08,department,Ardennes,ardennes,1943-01-01,
9,15,09,department,Ariège,ariege,1943-01-01,
10,11,10,department,Aube,aube,1943-01-01,
11,15,11,department,Aude,aude,1943-01-01,
12,15,12,department,Aveyron,aveyron,1943-01-01,
13,17,13,department,Bouches-du-Rhône,bouches-du-rhone,1943-01-01,
14,9,14,department,Calvados,calvados,1943-01-01,
15,16,15,department,Cantal,cantal,1943-01-01,
16,14,16,department,Charente,charente,1943-01-01,
17,14,17,department,Charente-Maritime,charente-maritime,1943-01-01,
18,7,18,department,Cher,cher,1943-01-01,
19,14,19,department,Corrèze,correze,1943-01-01,
20,8,21,department,Côte-d'Or,cote-dor,1943-01-01,
21,13,22,department,Côtes-d'Armor,cotes-darmor,1943-01-01,
22,14,23,department,Creuse,creuse,1943-01-01,
23,14,24,department,Dordogne,dordogne,1943-01-01,
24,8,25,department,Doubs,doubs,1943-01-01,
25,16,26,department,Drôme,drome,1943-01-01,
26,9,27,department,Eure,eure,1943-01-01,
27,7,28,department,Eure-et-Loir,eure-et-loir,1943-01-01,
28,13,29,department,Finistère,finistere,1943-01-01,
29,18,2A,department,Corse-du-Sud,corse-du-sud,1943-01-01,
30,18,2B,department,Haute-Corse,haute-corse,1943-01-01,
31,15,30,department,Gard,gard,1943-01-01,
32,15,31,department,Haute-Garonne,haute-garonne,1943-01-01,
33,15,32,department,Gers,gers,1943-01-01,
34,14,33,department,Gironde,gironde,1943-01-01,
35,15,34,department,Hérault,herault,1943-01-01,
36,13,35,department,Ille-et-Vilaine,ille-et-vilaine,1943-01-01,
37,7,36,department,Indre,indre,1943-01-01,
38,7,37,department,Indre-et-Loire,indre-et-loire,1943-01-01,
39,16,38,department,Isère,isere,1943-01-01,
40,8,39,department,Jura,jura,1943-01-01,
41,14,40,department,Landes,landes,1943-01-01,
42,7,41,department,Loir-et-Cher,loir-et-cher,1943-01-01,
43,16,42,department,Loire,loire,1943-01-01,
44,16,43,department,Haute-Loire,haute-loire,1943-01-01,
45,12,44,department,Loire-Atlantique,loire-atlantique,1943-01-01,
46,7,45,department,Loiret,loiret,1943-01-01,
47,15,46,department,Lot,lot,1943-01-01,
48,14,47,department,Lot-et-Garonne,lot-et-garonne,1943-01-01,
49,15,48,department,Lozère,lozere,1943-01-01,
50,12,49,department,Maine-et-Loire,maine-et-loire,1943-01-01,
51,9,50,department,Manche,manche,1943-01-01,
52,11,51,department,Marne,marne,1943-01-01,
53,11,52,department,Haute-Marne,haute-marne,1943-01-01,
54,12,53,department,Mayenne,mayenne,1943-01-01,
55,11,54,department,Meurthe-et-Moselle,meurthe-et-moselle,1943-01-01,
56,11,55,department,Meuse,meuse,1943-01-01,
57,13,56,department,Morbihan,morbihan,1943-01-01,
58,11,57,department,Moselle,moselle,1943-01-01,
59,8,58,department,Nièvre,nievre,1943-01-01,
60,10,59,department,Nord,nord,1943-01-01,
61,10,60,department,Oise,oise,1943-01-01,
62,9,61,department,Orne,orne,1943-01-01,
63,10,62,department,Pas-de-Calais,pas-de-calais,1943-01-01,
64,16,63,department,Puy-de-Dôme,puy-de-dome,1943-01-01,
65,14,64,department,Pyrénées-Atlantiques,pyrenees-atlantiques,1943-01-01,
66,15,65,department,Hautes-Pyrénées,hautes-pyrenees,1943-01-01,
67,15,66,department,Pyrénées-Orientales,pyrenees-orientales,1943-01-01,
68,11,67,department,Bas-Rhin,bas-rhin,1943-01-01,
69,11,68,department,Haut-Rhin,haut-rhin,1943-01-01,
70,16,69,department,Rhône,rhone,1943-01-01,
71,8,70,department,Haute-Saône,haute-saone,1943-01-01,
72,8,71,department,Saône-et-Loire,saone-et-loire,1943-01-01,
73,12,72,department,Sarthe,sarthe,1943-01-01,
74,16,73,department,Savoie,savoie,1943-01-01,
75,16,74,department,Haute-Savoie,haute-savoie,1943-01-01,
76,6,75,department,Paris,paris,1943-01-01,
77,9,76,department,Seine-Maritime,seine-maritime,1943-01-01,
78,6,77,department,Seine-et-Marne,seine-et-marne,1943-01-01,
79,6,78,department,Yvelines,yvelines,1943-01-01,
80,14,79,department,Deux-Sèvres,deux-sevres,1943-01-01,
81,10,80,department,Somme,somme,1943-01-01,
82,15,81,department,Tarn,tarn,1943-01-01,
83,15,82,department,Tarn-et-Garonne,tarn-et-garonne,1943-01-01,
84,17,83,department,Var,var,1943-01-01,
85,17,84,department,Vaucluse,vaucluse,1943-01-01,
86,12,85,department,Vendée,vendee,1943-01-01,
87,14,86,department,Vienne,vienne,1943-01-01,
88,14,87,department,Haute-Vienne,haute-vienne,1943-01-01,
89,11,88,department,Vosges,vosges,1943-01-01,
90,8,89,department,Yonne,yonne,1943-01-01,
91,8,90,department,"Territoire de Belfort",territoire-de-belfort,1943-01-01,
92,6,91,department,Essonne,essonne,1943-01-01,
93,6,92,department,Hauts-de-Seine,hauts-de-seine,1943-01-01,
94,6,93,department,Seine-Saint-Denis,seine-saint-denis,1943-01-01,
95,6,94,department,Val-de-Marne,val-de-marne,1943-01-01,
96,6,95,department,Val-d'Oise,val-doise,1943-01-01,
97,1,971,department,Guadeloupe,guadeloupe,1943-01-01,
98,2,972,department,Martinique,martinique,1943-01-01,
99,3,973,department,Guyane,guyane,1943-01-01,
100,4,974,department,"La Réunion",la-reunion,1943-01-01,
101,5,976,department,Mayotte,mayotte,1943-01-01,
102,,975,overseas_collectivity,Saint-Pierre-et-Miquelon,saint-pierre-et-miquelon,1943-01-01,
103,,977,overseas_collectivity,Saint-Barthélemy,saint-barthelemy,1943-01-01,
104,,978,overseas_collectivity,Saint-Martin,saint-martin,1943-01-01,
105,,981,overseas_collectivity,"Île des Faisans",ile-des-faisans,1943-01-01,
106,,984,overseas_collectivity,"Terres australes et antarctiques françaises",terres-australes-et-antarctiques-francaises,1943-01-01,
107,,986,overseas_collectivity,Wallis-et-Futuna,wallis-et-futuna,1943-01-01,
108,,987,overseas_collectivity,"Polynésie française",polynesie-francaise,1943-01-01,
109,,988,overseas_collectivity,Nouvelle-Calédonie,nouvelle-caledonie,1943-01-01,
110,,989,overseas_collectivity,"La Passion-Clipperton",la-passion-clipperton,1943-01-01,
