id,code,name,slug,valid_from,valid_to
1,01,Guadeloupe,guadeloupe,1943-01-01,
2,02,Martinique,martinique,1943-01-01,
3,03,Guyane,guyane,1943-01-01,
4,04,"La Réunion",la-reunion,1943-01-01,
5,06,Mayotte,mayotte,1943-01-01,
6,11,Île-de-France,ile-de-france,1943-01-01,
7,24,"Centre-Val de Loire",centre-val-de-loire,1943-01-01,
8,27,Bourgogne-Franche-Comté,bourgogne-franche-comte,1943-01-01,
9,28,Normandie,normandie,1943-01-01,
10,32,Hauts-de-France,hauts-de-france,1943-01-01,
11,44,"Grand Est",grand-est,1943-01-01,
12,52,"Pays de la Loire",pays-de-la-loire,1943-01-01,
13,53,Bretagne,bretagne,1943-01-01,
14,75,Nouvelle-Aquitaine,nouvelle-aquitaine,1943-01-01,
15,76,Occitanie,occitanie,1943-01-01,
16,84,Auvergne-Rhône-Alpes,auvergne-rhone-alpes,1943-01-01,
17,93,"Provence-Alpes-Côte d'Azur",provence-alpes-cote-dazur,1943-01-01,
18,94,Corse,corse,1943-01-01,
